Date,Team,Acquired,Relinquished,Notes
1959-01-16,Lakers,, Elgin Baylor,player refused to play after being denied a room in team's hotel
1961-11-26,Lakers,, Elgin Baylor,player reported for military duty
1962-03-24,Lakers, Elgin Baylor,,player given 2-day pass from military duty
1962-03-31,Lakers, Elgin Baylor,,player given weekend pass from military duty
1976-11-01,Lakers,, Stu Lantz,placed on IL (date approximate)
1977-10-17,Lakers,, Kenny Carr,placed on IL
1977-10-18,Lakers,, Kareem Abdul-Jabbar / Lew Alcindor,placed on IL with fractured hand
1977-11-10,Lakers,, Don Chaney,placed on IL with fractured right thumb
1980-10-09,Lakers,, Myles Patrick,placed on IL
1980-10-09,Lakers,, Tony Jackson,placed on IL
1980-11-05,Lakers,, Clarence Carter / Butch Carter,placed on IL
1980-11-05,Lakers, Tony Jackson,,activated from IL
1982-10-29,Lakers,, Clay Johnson,placed on IL
1982-11-08,Lakers, Clay Johnson,,activated from IL
1983-02-16,Lakers,, Ed Jordan / Eddie Jordan,placed on IL with pulled groin
1983-03-08,Lakers, Ed Jordan / Eddie Jordan,,activated from IL
1983-04-16,Lakers,, Ed Jordan / Eddie Jordan,placed on IL with bruised toe
1983-04-16,Lakers, Bob McAdoo,,activated from IL
1983-10-26,Lakers,, Clay Johnson,placed on IL
1983-10-26,Lakers,, Kurt Rambis,placed on IL
1983-10-26,Lakers,, Mitch Kupchak,placed on IL
1983-11-18,Lakers, Mitch Kupchak,,activated from IL
1983-12-30,Lakers, Earvin Johnson / Magic Johnson,,activated from IL
1984-01-07,Lakers,, Larry Spriggs,placed on IL with hip pointer
1984-01-07,Lakers, Kurt Rambis,,activated from IL
1984-03-02,Lakers,, Calvin Garrett,placed on IL with knee imflammation
1984-03-02,Lakers, Larry Spriggs,,activated from IL
1984-10-23,Lakers,, Earl Jones,placed on IL with right foot sesamoiditis
1984-11-27,Lakers,, Earl Jones,placed on IL with sprained right ankle & foot inflammation
1985-10-24,Lakers,, Ronnie Lester,placed on IL with tendinitis in knee
1985-11-12,Lakers,, Byron Scott,placed on IL with strained left hamstring
1985-11-22,Lakers, Byron Scott,,activated from IL
1986-11-07,Lakers,, Petur Gudmundsson,placed on IL
1987-12-13,Lakers,, Jeff Lamp,placed on IL recovering from surgery on shoulder
1988-03-30,Lakers,, Billy Thompson,placed on IL
1989-12-14,Lakers, Orlando Woolridge,,activated from IL
1990-11-01,Lakers,, Irving Thomas,placed on IL
1990-12-01,Lakers,, Tony Brown (William),placed on IL
1990-12-01,Lakers, Irving Thomas,,activated from IL
1991-02-21,Lakers,, Sam Perkins,placed on IL
1992-02-26,Lakers,, Keith Owens,placed on IL
1992-02-26,Lakers, Vlade Divac,,activated from IL
1992-03-10,Lakers,, James Worthy,placed on IL
1994-01-05,Lakers,, Sam Bowie,placed on IL
1994-02-25,Lakers,, Antonio Harvey,placed on IR with strained left hip muscle
1994-11-03,Lakers,, James Worthy,placed on IL with patella tendinitis in left knee
1995-01-09,Lakers,, Sedale Threatt,placed on IL with stress fracture in right foot
1995-01-31,Lakers,, Sam Bowie,placed on IL with sprained right thumb
1995-01-31,Lakers, Sedale Threatt,,activated from IL
1995-02-13,Lakers,, Cedric Ceballos,placed on IL with torn ligament in right thumb
1995-02-15,Lakers, Sam Bowie,,activated from IL
1995-02-22,Lakers,, Eddie Jones,placed on IL with sprained right shoulder
1995-02-27,Lakers,, Sam Bowie,placed on IL with fractured rib
1995-02-28,Lakers,, George Lynch,placed on IL with stress fracture in right foot
1995-03-22,Lakers,, Randolph Keys,placed on IL with strained abdominal muscle
1995-03-22,Lakers, Cedric Ceballos,,activated from IL
1995-03-26,Lakers,, Charles Smith / Tony Smith,placed on IL with leg injury
1995-03-26,Lakers, Eddie Jones,,activated from IL
1995-04-11,Lakers,, Kurt Rambis,placed on IL with back injury
1995-04-11,Lakers, Charles Smith / Tony Smith,,activated from IL
1995-04-11,Lakers, George Lynch,,activated from IL
1995-10-08,Lakers, Kurt Rambis,,activated from IL
1995-10-08,Lakers, Randolph Keys,,activated from IL
1995-10-24,Lakers, Eddie Jones,,activated from IL
1995-11-02,Lakers,, Eddie Jones,placed on IL with torn ligament in left thumb
1995-11-24,Lakers,, Frankie King,placed on IL with back spasms
1995-11-27,Lakers, Eddie Jones,,activated from IL
1996-01-29,Lakers,, Fred Roberts,placed on IL with back spasms
1996-04-16,Lakers,, Anthony Miller / Pig Miller,placed on IL with right knee tendinitis
1996-04-16,Lakers, Fred Roberts,,activated from IL
1996-04-22,Lakers, Anthony Miller / Pig Miller,,activated from IL
1996-04-22,Lakers, Frankie King,,activated from IL
1996-10-31,Lakers,, Jerome Kersey,placed on IR with fractured left foot
1996-10-31,Lakers,, Trevor Wilson,placed on IL with left knee tendinitis
1996-11-14,Lakers,, Cedric Ceballos,placed on IR with partially torn patella tendon in right knee
1996-11-17,Lakers, Jerome Kersey,,activated from IL
1996-12-16,Lakers, Trevor Wilson,,activated from IL
1997-01-10,Lakers,, Corie Blount,placed on IL with torn ligament in right thumb
1997-01-10,Lakers, Cedric Ceballos,,activated from IL
1997-02-12,Lakers, Corie Blount,,activated from IL
1997-02-13,Lakers,, Shaquille O'Neal,placed on IR with torn collateral ligament in left knee
1997-02-18,Lakers,, Robert Horry,placed on IL with sprained MCL in left knee
1997-04-02,Lakers, Robert Horry,,activated from IL
1997-04-11,Lakers,, George McCloud,placed on IL with strained lower back
1997-04-11,Lakers, Shaquille O'Neal,,activated from IL
1997-04-20,Lakers, George McCloud,,activated from IL
1997-10-30,Lakers,, Shea Seals,placed on IL with back spasms
1998-02-27,Lakers,, Nick Van Exel,placed on IR with surgery on foot (out 3 weeks)
1998-02-27,Lakers, Shea Seals,,activated from IL
1998-03-15,Lakers,, Shea Seals,placed on IL with back spasms
1998-03-15,Lakers, Nick Van Exel,,activated from IL
1998-04-20,Lakers, Shea Seals,,activated from IL
1999-02-17,Lakers,, Sam Jacobson,placed on IL with fractured left ring finger
1999-02-19,Lakers,, Tyronn Lue,placed on IL with back spasms
1999-02-24,Lakers,, Ruben Patterson,placed on IL with right knee tendinitis
1999-03-10,Lakers, Ruben Patterson,,activated from IL
1999-04-05,Lakers,, Travis Knight,placed on IL with left Achilles tendinitis
1999-04-05,Lakers, Tyronn Lue,,activated from IL
1999-04-16,Lakers, Travis Knight,,activated from IL
1999-05-05,Lakers, Sam Jacobson,,activated from IL
1999-11-01,Lakers,, John Celestand,placed on IL with left knee tendinitis
1999-11-01,Lakers,, Kobe Bryant,placed on IL with fractured right hand
1999-11-01,Lakers,, Robert Horry,placed on IL with sore left knee
1999-11-12,Lakers, Robert Horry,,activated from IL
1999-11-15,Lakers,, Tyronn Lue,placed on IL with right knee tendinitis
1999-11-15,Lakers, John Celestand,,activated from IL
1999-12-01,Lakers,, Devean George,placed on IL with bruised right knee
1999-12-01,Lakers, Kobe Bryant,,activated from IL
1999-12-10,Lakers,, Travis Knight,placed on IL with sprained right ankle
1999-12-10,Lakers, Devean George,,activated from IL
1999-12-25,Lakers,, John Celestand,placed on IL with left knee tendinitis
1999-12-25,Lakers, Travis Knight,,activated from IL
2000-04-14,Lakers,, Derek Fisher,placed on IR with bone spur in right ankle
2000-04-14,Lakers, John Celestand,,activated from IL
2000-04-21,Lakers, Derek Fisher,,activated from IL
2000-10-30,Lakers,, Derek Fisher,placed on IL with stress fracture in right foot
2000-10-30,Lakers,, Mike Penberthy,placed on IL with strained right shoulder
2000-10-30,Lakers,, Stanislav Medvedenko,placed on IL with right knee tendinitis
2000-11-11,Lakers,, Tyronn Lue,placed on IL with sprained right ankle
2000-11-12,Lakers, Mike Penberthy,,activated from IL
2000-12-19,Lakers,, Devean George,placed on IR with sore throat & ear infection
2000-12-19,Lakers, Stanislav Medvedenko,,activated from IL
2001-01-09,Lakers,, Mike Penberthy,placed on IL with strained right shoulder
2001-01-09,Lakers, Tyronn Lue,,activated from IL
2001-01-19,Lakers,, Stanislav Medvedenko,placed on IL with right knee tendinitis
2001-01-19,Lakers, Devean George,,activated from IL
2001-02-18,Lakers,, Ron Harper (Sr.),placed on IL with sore left knee
2001-02-18,Lakers, Mike Penberthy,,activated from IL
2001-03-13,Lakers,, Mike Penberthy,placed on IL with strained right shoulder
2001-03-13,Lakers, Derek Fisher,,activated from IL
2001-03-23,Lakers,, Tyronn Lue,placed on IL with sprained left ankle
2001-03-23,Lakers, Mike Penberthy,,activated from IL
2001-04-10,Lakers,, Isaiah Rider / J.R. Rider,placed on IL with back spasms
2001-04-10,Lakers, Stanislav Medvedenko,,activated from IL
2001-04-20,Lakers, Ron Harper (Sr.),,activated from IL
2001-04-20,Lakers, Tyronn Lue,,activated from IL
2001-07-01,Lakers, Isaiah Rider / J.R. Rider,,activated from IL
2001-10-29,Lakers,, Derek Fisher,placed on IL with fractured right foot
2001-10-29,Lakers,, Joe Crispin,placed on IR with injured knee / surgery on left wrist (P)
2001-10-29,Lakers,, Mark Madsen,placed on IL with abdominal strain / right knee tendinitis (P)
2001-11-10,Lakers, Joe Crispin,,activated from IL
2001-11-25,Lakers,, Jelani McCoy,placed on IL with bone bruise in right foot
2001-11-25,Lakers, Derek Fisher,,activated from IL
2001-11-25,Lakers, Mark Madsen,,activated from IL
2001-12-25,Lakers,, Shaquille O'Neal,placed on IR with sore left toe / right big toe (P)
2001-12-25,Lakers, Jelani McCoy,,activated from IL
2002-01-04,Lakers,, Jelani McCoy,placed on IL with bone bruise in right foot
2002-01-04,Lakers, Shaquille O'Neal,,activated from IL
2002-02-07,Lakers,, Shaquille O'Neal,placed on IR with arthritic right big toe
2002-02-07,Lakers, Jelani McCoy,,activated from IL
2002-02-19,Lakers,, Samaki Walker,placed on IL with hyperextended right elbow
2002-02-19,Lakers, Shaquille O'Neal,,activated from IL
2002-03-15,Lakers,, Jelani McCoy,placed on IL with bone bruise in right foot
2002-03-15,Lakers, Samaki Walker,,activated from IL
2002-06-27,Lakers,, Tracy Murray,placed on IL with back spasms
2002-07-01,Lakers, Jelani McCoy,,activated from IL
2002-07-01,Lakers, Tracy Murray,,activated from IL
2002-10-28,Lakers,, Mark Madsen,placed on IL with strained left (right per some sources) hamstring
2002-10-28,Lakers,, Shaquille O'Neal,placed on IL recovering from surgery on right foot
2002-11-22,Lakers,, Devean George,placed on IL with right ankle tendinitis
2002-11-22,Lakers, Shaquille O'Neal,,activated from IL
2002-11-26,Lakers,, Samaki Walker,placed on IL with strained lower back
2002-11-26,Lakers, Mark Madsen,,activated from IL
2002-12-01,Lakers,, Jannero Pargo,placed on IL with right knee tendinitis
2002-12-01,Lakers, Devean George,,activated from IL
2002-12-06,Lakers, Samaki Walker,,activated from IL
2003-03-07,Lakers,, Tracy Murray,placed on IL with sprained right ankle
2003-03-07,Lakers, Jannero Pargo,,activated from IL
2003-07-01,Lakers, Tracy Murray,,activated from IL
2003-10-27,Lakers,, Brian Cook,placed on IL recovering from surgery on left ring finger
2003-10-27,Lakers,, Jamal Sampson,placed on IL
2003-10-27,Lakers,, Rick Fox,placed on IL recovering from surgery on left foot
2003-11-14,Lakers,, Stanislav Medvedenko,placed on IL with bruised left heel
2003-11-14,Lakers, Jamal Sampson,,activated from IL
2003-11-23,Lakers,, Jamal Sampson,placed on IL with back spasms
2003-11-23,Lakers, Stanislav Medvedenko,,activated from IL
2003-12-23,Lakers,, Jannero Pargo,placed on IL with patellar tendinitis
2003-12-23,Lakers, Brian Cook,,activated from IL
2004-01-04,Lakers,, Karl Malone,placed on IL with sprained MCL in right knee
2004-01-04,Lakers, Jamal Sampson,,activated from IL
2004-01-14,Lakers,, Kobe Bryant,placed on IL with sprained right shoulder
2004-01-24,Lakers,, Brian Cook,placed on IL with broken right pinky finger
2004-01-24,Lakers, Kobe Bryant,,activated from IL
2004-01-24,Lakers, Rick Fox,,activated from IL
2004-01-30,Lakers,, Kobe Bryant,placed on IL with lacerated right index finger
2004-02-11,Lakers,, Jamal Sampson,placed on IL with sprained right ankle
2004-02-11,Lakers, Kobe Bryant,,activated from IL
2004-02-20,Lakers, Brian Cook,,activated from IL
2004-03-12,Lakers,, Brian Cook,placed on IL with back spasms
2004-03-12,Lakers, Karl Malone,,activated from IL
2004-03-19,Lakers,, Horace Grant,placed on IL with tear in right hip
2004-03-21,Lakers, Brian Cook,,activated from IL
2004-03-30,Lakers,, Kareem Rush,placed on IL with bone bruise in right foot
2004-04-09,Lakers, Kareem Rush,,activated from IL
2004-11-01,Lakers,, Devean George,placed on IL recovering from surgery on left ankle
2004-11-01,Lakers,, Stanislav Medvedenko,placed on IL with right heel bursitis
2004-11-01,Lakers,, Vlade Divac,placed on IL with herniated disc in lower back
2004-11-10,Lakers,, Jumaine Jones,placed on IL with strained right calf muscle
2004-11-10,Lakers, Stanislav Medvedenko,,activated from IL
2004-11-23,Lakers,, Brian Grant,placed on IL with right knee tendinitis
2004-11-23,Lakers,, Sasha Vujacic,placed on IL with sprained right ankle
2004-11-23,Lakers, Jumaine Jones,,activated from IL
2004-11-23,Lakers, Vlade Divac,,activated from IL
2004-12-08,Lakers,, Tony Bobbitt,placed on IL with strained lower back
2004-12-08,Lakers, Sasha Vujacic,,activated from IL
2004-12-22,Lakers,, Vlade Divac,placed on IL with sore back
2004-12-22,Lakers, Brian Grant,,activated from IL
2005-01-14,Lakers,, Kobe Bryant,placed on IL with a sprained right ankle
2005-01-14,Lakers, Tony Bobbitt,,activated from IL
2005-02-13,Lakers,, Tony Bobbitt,placed on IL with sprained ankle
2005-02-13,Lakers, Kobe Bryant,,activated from IL
2005-03-24,Lakers,, Brian Cook,placed on IL with sprained right hand
2005-03-24,Lakers, Devean George,,activated from IL
2005-04-03,Lakers,, Lamar Odom,placed on IL with strained left shoulder
2005-04-03,Lakers, Brian Cook,,activated from IL
2005-04-05,Lakers,, Chris Mihm,placed on IL with sprained right ankle
2005-04-05,Lakers, Vlade Divac,,activated from IL
2005-04-15,Lakers,, Tierre Brown,placed on IL with left knee tendinitis
2005-04-15,Lakers, Chris Mihm,,activated from IL
2005-10-31,Lakers,, Devin Green,placed on IL
2005-10-31,Lakers,, Luke Walton,placed on IL with strained left hamstring
2005-10-31,Lakers,, Von Wafer,placed on IL
2005-11-11,Lakers,, Stanislav Medvedenko,placed on IL
2005-11-11,Lakers, Devin Green,,activated from IL
2005-11-20,Lakers,, Kwame Brown,placed on IL with strained right hamstring (out 2 weeks)
2005-11-20,Lakers, Von Wafer,,activated from IL
2005-11-27,Lakers,, Devean George,placed on IL with sore left foot
2005-11-27,Lakers, Luke Walton,,activated from IL
2005-12-02,Lakers,, Aaron McKie,placed on IL
2005-12-02,Lakers, Devean George,,activated from IL
2005-12-10,Lakers,, Von Wafer,placed on IL
2005-12-10,Lakers, Kwame Brown,,activated from IL
2005-12-23,Lakers,, Laron Profit,placed on IL with ruptured left Achilles tendon
2005-12-23,Lakers, Von Wafer,,activated from IL
2006-01-19,Lakers,, Ronny Turiaf,placed on IL with heart problems
2006-02-08,Lakers,, Chris Mihm,placed on IL with sore right shoulder
2006-02-08,Lakers, Ronny Turiaf,,activated from IL
2006-02-21,Lakers,, Von Wafer,placed on IL
2006-02-21,Lakers, Chris Mihm,,activated from IL
2006-02-24,Lakers,, Von Wafer,placed on IL
2006-02-24,Lakers, Chris Mihm,,activated from IL
2006-03-06,Lakers,, Devin Green,placed on IL
2006-03-08,Lakers,, Devean George,placed on IL with fracture in right wrist
2006-03-08,Lakers, Devin Green,,activated from IL
2006-03-14,Lakers,, Chris Mihm,placed on IL with sprained right ankle
2006-03-14,Lakers, Aaron McKie,,activated from IL
2006-03-19,Lakers,, Aaron McKie,placed on IL with strained left quadriceps
2006-03-19,Lakers, Devean George,,activated from IL
2006-03-20,Lakers,, Devin Green,placed on IL
2006-03-20,Lakers, Aaron McKie,,activated from IL
2006-03-26,Lakers,, Andrew Bynum,placed on IL with sprained right foot
2006-03-26,Lakers, Devin Green,,activated from IL
2006-04-09,Lakers,, Devin Green,placed on IL
2006-04-09,Lakers, Andrew Bynum,,activated from IL
2006-04-19,Lakers,, Andrew Bynum,placed on IL
2006-04-19,Lakers, Chris Mihm,,activated from IL
2006-04-23,Lakers,, Andrew Bynum,placed on IL
2006-04-26,Lakers,, Chris Mihm,placed on IL with sprained right ankle
2006-04-26,Lakers, Andrew Bynum,,activated from IL
2006-10-31,Lakers,, Aaron McKie,placed on IL with back injury
2006-10-31,Lakers,, Chris Mihm,placed on IL with right ankle injury
2006-10-31,Lakers,, Kwame Brown,placed on IL with right shoulder injury
2006-11-12,Lakers, Kwame Brown,,activated from IL
2006-11-17,Lakers,, Ronny Turiaf,placed on IL
2006-11-17,Lakers, Kwame Brown,,activated from IL
2006-11-21,Lakers,, Jordan Farmar,placed on IL with sprained right ankle
2006-11-26,Lakers,, Aaron McKie,placed on IL
2006-11-26,Lakers,, Brian Cook,placed on IL with upper respiratory infection
2006-11-26,Lakers, Jordan Farmar,,activated from IL
2006-11-26,Lakers, Shammond Williams,,activated from IL
2006-12-06,Lakers,, Shammond Williams,placed on IL
2006-12-06,Lakers, Brian Cook,,activated from IL
2006-12-13,Lakers,, Lamar Odom,placed on IL with sprained MCL in right knee
2006-12-13,Lakers, Shammond Williams,,activated from IL
2007-01-04,Lakers,, Kwame Brown,placed on IL with left ankle injury
2007-01-04,Lakers, Aaron McKie,,activated from IL
2007-01-26,Lakers,, Aaron McKie,placed on IL
2007-01-26,Lakers, Lamar Odom,,activated from IL
2007-01-28,Lakers,, Luke Walton,placed on IL with sprained right ankle
2007-01-28,Lakers, Aaron McKie,,activated from IL
2007-02-23,Lakers,, Vladimir Radmanovic,placed on IL with separated shoulder
2007-02-23,Lakers, Luke Walton,,activated from IL
2007-03-02,Lakers,, Luke Walton,placed on IL with sprained right ankle
2007-03-02,Lakers, Kwame Brown,,activated from IL
2007-03-15,Lakers,, Brian Cook,placed on IL with sprained left ankle
2007-03-15,Lakers, Luke Walton,,activated from IL
2007-03-25,Lakers,, Maurice Evans,placed on IL with sore right knee (DNP)
2007-03-25,Lakers, Brian Cook,,activated from IL
2007-04-01,Lakers,, Aaron McKie,placed on IL
2007-04-01,Lakers, Maurice Evans,,activated from IL
2007-04-04,Lakers,, Kwame Brown,placed on IL with sprained left ankle
2007-04-04,Lakers, Aaron McKie,,activated from IL
2007-04-12,Lakers,, Aaron McKie,placed on IL
2007-04-12,Lakers, Vladimir Radmanovic,,activated from IL
2007-04-14,Lakers,, Shammond Williams,placed on IL
2007-04-14,Lakers, Kwame Brown,,activated from IL
2007-04-24,Lakers,, Vladimir Radmanovic,placed on IL
2007-04-24,Lakers, Shammond Williams,,activated from IL
2007-10-29,Lakers,, Kobe Bryant,placed on IL with sprained right wrist
2007-10-29,Lakers,, Lamar Odom,placed on IL recovering from surgery on left shoulder
2007-10-30,Lakers,, Javaris Crittenton,placed on IL
2007-10-30,Lakers,, Vladimir Radmanovic,placed on IL
2007-11-01,Lakers,, Chris Mihm,placed on IL
2007-11-01,Lakers,, Coby Karl,placed on IL
2007-11-01,Lakers, Javaris Crittenton,,activated from IL
2007-11-01,Lakers, Vladimir Radmanovic,,activated from IL
2007-11-04,Lakers,, Javaris Crittenton,placed on IL
2007-11-04,Lakers, Chris Mihm,,activated from IL
2007-11-06,Lakers,, Kwame Brown,placed on IL with bursitis in right heel
2007-11-06,Lakers,, Maurice Evans,placed on IL with sore back
2007-11-06,Lakers, Coby Karl,,activated from IL
2007-11-06,Lakers, Javaris Crittenton,,activated from IL
2007-11-09,Lakers,, Coby Karl,placed on IL
2007-11-09,Lakers, Lamar Odom,,activated from IL
2007-11-13,Lakers,, Javaris Crittenton,placed on IL
2007-11-13,Lakers,, Sasha Vujacic,placed on IL
2007-11-13,Lakers, Kwame Brown,,activated from IL
2007-11-13,Lakers, Maurice Evans,,activated from IL
2007-11-16,Lakers,, Ronny Turiaf,placed on IL with sprained left ankle
2007-11-16,Lakers, Sasha Vujacic,,activated from IL
2007-11-20,Lakers,, Kwame Brown,placed on IL with sprained MCL in left knee
2007-11-20,Lakers,, Trevor Ariza,placed on IL
2007-11-20,Lakers, Coby Karl,,activated from IL
2007-11-20,Lakers, Javaris Crittenton,,activated from IL
2007-11-20,Lakers, Ronny Turiaf,,activated from IL
2007-11-25,Lakers,, Coby Karl,placed on IL
2007-11-25,Lakers, Trevor Ariza,,activated from IL
2007-12-25,Lakers,, Luke Walton,placed on IL with sprained right ankle
2007-12-25,Lakers, Coby Karl,,activated from IL
2007-12-28,Lakers,, Coby Karl,placed on IL
2007-12-28,Lakers, Kwame Brown,,activated from IL
2007-12-30,Lakers,, Chris Mihm,placed on IL
2007-12-30,Lakers, Luke Walton,,activated from IL
2008-01-04,Lakers,, Vladimir Radmanovic,placed on IL with sprained right ankle
2008-01-04,Lakers, Coby Karl,,activated from IL
2008-01-17,Lakers,, Andrew Bynum,placed on IL with dislocated left knee cap
2008-01-17,Lakers, Vladimir Radmanovic,,activated from IL
2008-01-21,Lakers,, Trevor Ariza,placed on IL with broken right foot
2008-03-28,Lakers,, Pau Gasol,placed on IL with sprained left ankle
2008-03-28,Lakers, Chris Mihm,,activated from IL
2008-04-02,Lakers,, Coby Karl,placed on IL
2008-04-02,Lakers, Pau Gasol,,activated from IL
2008-04-23,Lakers,, Ronny Turiaf,placed on IL with tonsillitis
2008-04-23,Lakers, Coby Karl,,activated from IL
2008-04-26,Lakers,, Coby Karl,placed on IL
2008-04-26,Lakers, Ronny Turiaf,,activated from IL
2008-05-23,Lakers,, Ira Newble,placed on IL
2008-05-23,Lakers, Trevor Ariza,,activated from IL
2008-10-28,Lakers,, Didier Ilunga-Mbenga / Didier Mbenga / D.J. Mbenga,placed on IL
2008-10-28,Lakers,, Sun Yue,placed on IL
2008-11-28,Lakers,, Chris Mihm,placed on IL with sprained left ankle
2008-11-28,Lakers, Didier Ilunga-Mbenga / Didier Mbenga / D.J. Mbenga,,activated from IL
2008-12-02,Lakers,, Didier Ilunga-Mbenga / Didier Mbenga / D.J. Mbenga,placed on IL
2008-12-02,Lakers, Chris Mihm,,activated from IL
2008-12-07,Lakers,, Luke Walton,placed on IL with flu
2008-12-07,Lakers, Sun Yue,,activated from IL
2008-12-09,Lakers,, Sun Yue,placed on IL
2008-12-09,Lakers, Luke Walton,,activated from IL
2008-12-16,Lakers,, Pau Gasol,placed on IL with strep throat
2008-12-16,Lakers, Sun Yue,,activated from IL
2008-12-19,Lakers,, Sun Yue,placed on IL
2008-12-19,Lakers, Pau Gasol,,activated from IL
2008-12-20,Lakers,, Jordan Farmar,placed on IL with torn lateral meniscus in left knee
2008-12-20,Lakers, Sun Yue,,activated from IL
2009-01-04,Lakers,, Luke Walton,placed on IL with right big toe inflammation
2009-01-04,Lakers, Didier Ilunga-Mbenga / Didier Mbenga / D.J. Mbenga,,activated from IL
2009-01-07,Lakers,, Lamar Odom,placed on IL with bone bruise in right knee
2009-01-13,Lakers, Lamar Odom,,activated from IL
2009-01-21,Lakers,, Didier Ilunga-Mbenga / Didier Mbenga / D.J. Mbenga,placed on IL
2009-01-21,Lakers, Luke Walton,,activated from IL
2009-01-25,Lakers,, Sun Yue,placed on IL
2009-01-25,Lakers, Jordan Farmar,,activated from IL
2009-02-02,Lakers,, Andrew Bynum,placed on IL with torn MCL in right knee
2009-02-02,Lakers, Sun Yue,,activated from IL
2009-02-10,Lakers,, Adam Morrison,placed on IL
2009-02-17,Lakers,, Sun Yue,placed on IL
2009-02-17,Lakers, Adam Morrison,,activated from IL
2009-02-20,Lakers, Didier Ilunga-Mbenga / Didier Mbenga / D.J. Mbenga,,activated from IL
2009-03-03,Lakers,, Adam Morrison,placed on IL
2009-03-03,Lakers, Sun Yue,,activated from IL
2009-03-06,Lakers, Adam Morrison,,activated from IL
2009-03-06,Lakers,, Sun Yue,placed on IL
2009-04-10,Lakers,, Didier Ilunga-Mbenga / Didier Mbenga / D.J. Mbenga,placed on IL
2009-04-10,Lakers, Andrew Bynum,,activated from IL
2009-04-19,Lakers,, Sun Yue,placed on IL
2009-04-27,Lakers,, Luke Walton,placed on IL with torn ligament in left ankle
2009-04-27,Lakers, Didier Ilunga-Mbenga / Didier Mbenga / D.J. Mbenga,,activated from IL
2009-05-06,Lakers,, Didier Ilunga-Mbenga / Didier Mbenga / D.J. Mbenga,placed on IL
2009-05-06,Lakers, Luke Walton,,activated from IL
2009-05-12,Lakers,, Adam Morrison,placed on IL (out for season)
2009-05-12,Lakers, Didier Ilunga-Mbenga / Didier Mbenga / D.J. Mbenga,,activated from IL
2009-10-27,Lakers,, Pau Gasol,placed on IL with strained right hamstring
2009-11-19,Lakers,, Luke Walton,placed on IL with surgery on back
2009-11-19,Lakers, Pau Gasol,,activated from IL
2010-01-12,Lakers,, Pau Gasol,placed on IL with strained right hamstring
2010-01-12,Lakers, Luke Walton,,activated from IL
2010-01-15,Lakers,, Adam Morrison,placed on IL with flu
2010-01-15,Lakers, Pau Gasol,,activated from IL
2010-01-22,Lakers,, Didier Ilunga-Mbenga / Didier Mbenga / D.J. Mbenga,placed on IL
2010-01-22,Lakers, Adam Morrison,,activated from IL
2010-01-26,Lakers,, Adam Morrison,placed on IL
2010-01-26,Lakers, Didier Ilunga-Mbenga / Didier Mbenga / D.J. Mbenga,,activated from IL
2010-01-27,Lakers,, Didier Ilunga-Mbenga / Didier Mbenga / D.J. Mbenga,placed on IL
2010-01-27,Lakers, Adam Morrison,,activated from IL
2010-02-01,Lakers,, Adam Morrison,placed on IL
2010-02-01,Lakers, Didier Ilunga-Mbenga / Didier Mbenga / D.J. Mbenga,,activated from IL
2010-02-06,Lakers,, Kobe Bryant,placed on IL with sore left ankle
2010-02-06,Lakers, Adam Morrison,,activated from IL
2010-02-23,Lakers,, Sasha Vujacic,placed on IL with sprained right shoulder
2010-02-23,Lakers, Kobe Bryant,,activated from IL
2010-03-09,Lakers,, Luke Walton,placed on IL with pinched nerve in back
2010-03-09,Lakers, Sasha Vujacic,,activated from IL
2010-04-04,Lakers,, Andrew Bynum,placed on IL with strained left Achilles tendon (out for season)
2010-04-04,Lakers, Luke Walton,,activated from IL
2010-04-18,Lakers,, Sasha Vujacic,placed on IL with sprained left ankle
2010-05-17,Lakers,, Adam Morrison,placed on IL
2010-05-17,Lakers, Sasha Vujacic,,activated from IL
2010-06-13,Lakers,, Didier Ilunga-Mbenga / Didier Mbenga / D.J. Mbenga,placed on IL
2010-06-13,Lakers, Adam Morrison,,activated from IL
2010-06-15,Lakers,, Adam Morrison,placed on IL
2010-06-15,Lakers, Didier Ilunga-Mbenga / Didier Mbenga / D.J. Mbenga,,activated from IL
2010-10-26,Lakers,, Andrew Bynum,placed on IL recovering from surgery on right knee to repair torn ligaments
2010-10-26,Lakers,, Luke Walton,placed on IL with strained right hamstring
2010-11-05,Lakers,, Devin Ebanks,placed on IL
2010-11-05,Lakers, Luke Walton,,activated from IL
2010-11-09,Lakers,, Derrick Caracter,placed on IL
2010-11-09,Lakers, Devin Ebanks,,activated from IL
2010-11-11,Lakers,, Theo Ratliff,placed on IL with left knee tendinitis
2010-11-11,Lakers, Derrick Caracter,,activated from IL
2010-11-14,Lakers,, Steve Blake,placed on IL with stomach ache
2010-11-14,Lakers, Theo Ratliff,,activated from IL
2010-11-16,Lakers,, Theo Ratliff,placed on IL recovering from arthroscopic surgery on left knee to remove part of torn meniscus
2010-11-16,Lakers, Steve Blake,,activated from IL
2010-12-14,Lakers,, Devin Ebanks,placed on IL
2010-12-14,Lakers, Andrew Bynum,,activated from IL
2010-12-15,Lakers, Devin Ebanks,,activated from IL
2010-12-15,Lakers,, Joe Smith (Leynard),placed on IL
2010-12-17,Lakers,, Devin Ebanks,placed on IL
2010-12-17,Lakers, Joe Smith (Leynard),,activated from IL
2010-12-19,Lakers,, Derrick Caracter,placed on IL
2010-12-19,Lakers, Devin Ebanks,,activated from IL
2010-12-25,Lakers,, Devin Ebanks,placed on IL
2010-12-25,Lakers, Derrick Caracter,,activated from IL
2011-01-09,Lakers,, Matt Barnes,placed on IL with torn cartilage in right knee (surgery)
2011-01-09,Lakers, Devin Ebanks,,activated from IL
2011-03-04,Lakers,, Devin Ebanks,placed on IL with shin injury (out for season)
2011-03-04,Lakers, Matt Barnes,,activated from IL
2011-03-31,Lakers, Theo Ratliff,,activated from IL
2011-03-31,Lakers,, Derrick Caracter,placed on IL
2011-04-13,Lakers,, Andrew Bynum,placed on IL with hyperextended right knee (out for season)
2011-04-13,Lakers,, Matt Barnes,placed on IL with sore right knee (out for season)
2011-04-13,Lakers, Derrick Caracter,,activated from IL
2011-04-17,Lakers,, Derrick Caracter,placed on IL
2011-04-17,Lakers,, Steve Blake,placed on IL with chicken pox
2011-04-20,Lakers,, Trey Johnson,placed on IL
2011-04-20,Lakers, Steve Blake,,activated from IL
2011-04-26,Lakers,, Theo Ratliff,placed on IL
2011-04-26,Lakers, Trey Johnson,,activated from IL
2011-12-25,Lakers,, Darius Morris,placed on IL
2011-12-25,Lakers,, Derrick Caracter,placed on IL recovering from surgery on left knee to repair torn menuscus
2012-01-03,Lakers,, Josh McRoberts,placed on IL with toe injury
2012-01-03,Lakers, Darius Morris,,activated from IL
2012-01-13,Lakers,, Steve Blake,placed on IL with costochondral (rib) fracture in chest
2012-01-13,Lakers, Josh McRoberts,,activated from IL
2012-01-25,Lakers, Derrick Caracter,,activated from IL
2012-01-28,Lakers,, Derrick Caracter,placed on IL
2012-02-09,Lakers,, Darius Morris,placed on IL
2012-02-09,Lakers, Steve Blake,,activated from IL
2012-02-17,Lakers,, Devin Ebanks,placed on IL
2012-02-17,Lakers, Darius Morris,,activated from IL
2012-02-29,Lakers,, Darius Morris,placed on IL
2012-02-29,Lakers, Devin Ebanks,,activated from IL
2012-03-06,Lakers,, Devin Ebanks,placed on IL
2012-03-06,Lakers, Darius Morris,,activated from IL
2012-03-07,Lakers, Devin Ebanks,,activated from IL
2012-03-07,Lakers,, Darius Morris,placed on IL
2012-03-16,Lakers,, Christian Eyenga,placed on IL
2012-03-16,Lakers,, Jordan Hill,placed on IL
2012-03-16,Lakers, Darius Morris,,activated from IL
2012-03-18,Lakers, Jordan Hill,,activated from IL
2012-04-26,Lakers,, Matt Barnes,placed on IL with sprained right ankle
2012-04-26,Lakers, Christian Eyenga,,activated from IL
2012-04-29,Lakers,, Darius Morris,placed on IL
2012-05-10,Lakers,, Metta World Peace / Ron Artest,placed on IL for suspension
2012-05-10,Lakers, Darius Morris,,activated from IL
2012-05-12,Lakers,, Christian Eyenga,placed on IL
2012-05-12,Lakers, Metta World Peace / Ron Artest,,activated from IL
2012-10-30,Lakers,, Darius Johnson-Odom,placed on IL
2012-10-30,Lakers,, Earl Clark,placed on IL with strained left groin
2012-11-02,Lakers,, Steve Nash,placed on IL with fractured left leg
2012-11-02,Lakers, Earl Clark,,activated from IL
2012-11-09,Lakers, Darius Johnson-Odom,,activated from IL
2012-11-09,Lakers,, Devin Ebanks,placed on IL after arrest for DUI
2012-11-13,Lakers,, Steve Blake,placed on IL with abdominal strain
2012-11-13,Lakers, Devin Ebanks,,activated from IL
2012-12-22,Lakers, Steve Nash,,activated from IL
2013-01-13,Lakers,, Jordan Hill,placed on IL with left hip injury
2013-01-29,Lakers, Steve Blake,,activated from IL
2013-02-07,Lakers,, Pau Gasol,placed on IL with torn plantar fascia in right foot
2013-03-22,Lakers, Pau Gasol,,activated from IL
2013-04-14,Lakers,, Kobe Bryant,placed on IL recovering from surgery to repair torn left Achilles tendon (out for season)
2013-04-21,Lakers,, Devin Ebanks,placed on IL
2013-04-24,Lakers, Jordan Hill,,activated from IL
2013-04-26,Lakers, Devin Ebanks,,activated from IL
2013-10-29,Lakers,, Elias Harris,placed on IL
2013-10-29,Lakers,, Kobe Bryant,placed on IL recovering from surgery to repair torn left Achilles tendon
2013-10-30,Lakers,, Ryan Kelly,placed on IL
2013-11-05,Lakers,, Elias Harris,placed on IL (P)
2013-11-05,Lakers, Ryan Kelly,,activated from IL
2013-11-07,Lakers,, Ryan Kelly,placed on IL
2013-11-07,Lakers, Elias Harris,,activated from IL
2013-11-08,Lakers,, Elias Harris,placed on IL
2013-11-08,Lakers, Ryan Kelly,,activated from IL
2013-11-12,Lakers,, Steve Nash,placed on IL with sore back
2013-11-12,Lakers, Elias Harris,,activated from IL
2013-12-08,Lakers, Kobe Bryant,,activated from IL
2013-12-13,Lakers, Ryan Kelly,,activated from IL
2013-12-20,Lakers,, Kobe Bryant,placed on IL with fractured left tibia (out for season)
2014-02-04,Lakers,, Xavier Henry,placed on IL with bone bruise in right knee
2014-02-04,Lakers, Steve Nash,,activated from IL
2014-03-03,Lakers,, Steve Nash,placed on IL with nerve root irritation
2014-03-03,Lakers, Xavier Henry,,activated from IL
2014-03-21,Lakers,, Jordan Farmar,placed on IL with strained right groin
2014-03-21,Lakers, Steve Nash,,activated from IL
2014-04-06,Lakers,, Xavier Henry,placed on IL with left wrist injury
2014-04-06,Lakers, Jordan Farmar,,activated from IL
2014-10-28,Lakers,, Nick Young,placed on IL recovering from surgery on right thumb to repair torn ligament
2014-10-28,Lakers,, Steve Nash,placed on IL with back injury (out for season)
2014-11-16,Lakers,, Julius Randle,placed on IL recovering from surgery on right leg to repair fractured tibia (out for season)
2014-11-18,Lakers, Nick Young,,activated from IL
2015-04-01,Lakers,, Ronnie Price,placed on IL recovering from surgery on right elbow to remove bone spurs and chips (out for season)
2015-04-01,Lakers, Steve Nash,,activated from IL
2015-04-03,Lakers,, Kobe Bryant,placed on IL recovering from surgery on right shoulder to repair torn rotator cuff (out for season)
2015-10-28,Lakers,, Larry Nance Jr.,placed on IL with tendinitis in right knee
2015-10-28,Lakers,, Metta World Peace / Ron Artest,placed on IL
2015-11-01,Lakers,, Robert Sacre,placed on IL
2015-11-01,Lakers, Metta World Peace / Ron Artest,,activated from IL
2015-11-03,Lakers,, Anthony Brown,placed on IL
2015-11-03,Lakers, Larry Nance Jr.,,activated from IL
2015-11-10,Lakers,, Kobe Bryant,placed on IL for rest / sore back
2015-11-10,Lakers, Anthony Brown,,activated from IL
2015-11-13,Lakers,, Anthony Brown,placed on IL
2015-11-13,Lakers, Kobe Bryant,,activated from IL
2015-11-16,Lakers,, Kobe Bryant,placed on IL for rest / back injury
2015-11-16,Lakers, Anthony Brown,,activated from IL
2015-11-20,Lakers,, Anthony Brown,placed on IL
2015-11-20,Lakers, Kobe Bryant,,activated from IL
2015-11-28,Lakers, Robert Sacre,,activated from IL
2015-12-01,Lakers,, Robert Sacre,placed on IL
2015-12-02,Lakers,, Tarik Black,placed on IL
2015-12-02,Lakers, Robert Sacre,,activated from IL
2015-12-11,Lakers,, Jordan Clarkson,placed on IL with sprained right ankle
2015-12-11,Lakers, Anthony Brown,,activated from IL
2015-12-15,Lakers,, Metta World Peace / Ron Artest,placed on IL
2015-12-15,Lakers, Jordan Clarkson,,activated from IL
2015-12-19,Lakers,, Ryan Kelly,placed on IL
2015-12-19,Lakers, Metta World Peace / Ron Artest,,activated from IL
2015-12-23,Lakers,, Nick Young,placed on IL with gastroenteritis
2015-12-23,Lakers, Ryan Kelly,,activated from IL
2015-12-25,Lakers,, Ryan Kelly,placed on IL with neck injury
2015-12-25,Lakers, Nick Young,,activated from IL
2015-12-27,Lakers,, Metta World Peace / Ron Artest,placed on IL
2015-12-27,Lakers, Ryan Kelly,,activated from IL
2016-01-01,Lakers,, Kobe Bryant,placed on IL with sore right shoulder
2016-01-01,Lakers, Metta World Peace / Ron Artest,,activated from IL
2016-01-03,Lakers,, Robert Sacre,placed on IL
2016-01-03,Lakers, Tarik Black,,activated from IL
2016-01-04,Lakers,, D'Angelo Russell,placed on IL with illness
2016-01-05,Lakers, Robert Sacre,,activated from IL
2016-01-07,Lakers,, Metta World Peace / Ron Artest,placed on IL
2016-01-07,Lakers,, Robert Sacre,placed on IL
2016-01-07,Lakers, D'Angelo Russell,,activated from IL
2016-01-07,Lakers, Kobe Bryant,,activated from IL
2016-01-08,Lakers, Metta World Peace / Ron Artest,,activated from IL
2016-01-08,Lakers, Robert Sacre,,activated from IL
2016-01-08,Lakers,, Ryan Kelly,placed on IL
2016-01-08,Lakers,, Tarik Black,placed on IL
2016-01-12,Lakers,, Metta World Peace / Ron Artest,placed on IL
2016-01-12,Lakers,, Robert Sacre,placed on IL
2016-01-12,Lakers, Ryan Kelly,,activated from IL
2016-01-12,Lakers, Tarik Black,,activated from IL
2016-01-14,Lakers,, Brandon Bass,placed on IL with sore foot / ankle injury (CBC)
2016-01-14,Lakers, Metta World Peace / Ron Artest,,activated from IL
2016-01-17,Lakers,, Larry Nance Jr.,placed on IL with sore right knee
2016-01-17,Lakers,, Metta World Peace / Ron Artest,placed on IL
2016-01-17,Lakers, Brandon Bass,,activated from IL
2016-01-17,Lakers, Robert Sacre,,activated from IL
2016-01-26,Lakers,, Kobe Bryant,placed on IL with sore shoulder
2016-01-26,Lakers, Larry Nance Jr.,,activated from IL
2016-01-28,Lakers,, Louis Williams / Lou Williams,placed on IL with illness
2016-01-28,Lakers,, Robert Sacre,placed on IL
2016-01-28,Lakers, Kobe Bryant,,activated from IL
2016-01-28,Lakers, Metta World Peace / Ron Artest,,activated from IL
2016-01-29,Lakers,, Kobe Bryant,placed on IL
2016-01-29,Lakers,, Tarik Black,placed on IL
2016-01-29,Lakers, Louis Williams / Lou Williams,,activated from IL
2016-01-29,Lakers, Robert Sacre,,activated from IL
2016-01-31,Lakers,, Larry Nance Jr.,placed on IL with sore right knee
2016-01-31,Lakers, Kobe Bryant,,activated from IL
2016-02-02,Lakers,, Larry Nance Jr.,placed on IL with sore right knee (P)
2016-02-02,Lakers,, Metta World Peace / Ron Artest,placed on IL
2016-02-02,Lakers, Kobe Bryant,,activated from IL (P)
2016-02-02,Lakers, Tarik Black,,activated from IL
2016-02-08,Lakers,, Roy Hibbert,placed on IL with ankle injury
2016-02-08,Lakers, Metta World Peace / Ron Artest,,activated from IL
2016-02-09,Lakers,, Anthony Brown,placed on IL with sore ankle
2016-02-10,Lakers, Roy Hibbert,,activated from IL
2016-02-19,Lakers,, Metta World Peace / Ron Artest,placed on IL
2016-02-19,Lakers, Anthony Brown,,activated from IL
2016-02-19,Lakers, Larry Nance Jr.,,activated from IL
2016-02-24,Lakers,, Robert Sacre,placed on IL
2016-02-24,Lakers, Anthony Brown,,activated from IL (P)
2016-02-26,Lakers,, Kobe Bryant,placed on IL with sore right shoulder
2016-02-26,Lakers, Robert Sacre,,activated from IL
2016-03-02,Lakers,, Louis Williams / Lou Williams,placed on IL with strained left hamstring
2016-03-02,Lakers, Kobe Bryant,,activated from IL
2016-03-04,Lakers,, Kobe Bryant,placed on IL with sore right shoulder
2016-03-04,Lakers, Metta World Peace / Ron Artest,,activated from IL
2016-03-06,Lakers,, Anthony Brown,placed on IL with stress reaction in right foot (out for season)
2016-03-06,Lakers, Kobe Bryant,,activated from IL
2016-03-13,Lakers, Louis Williams / Lou Williams,,activated from IL
2016-03-15,Lakers,, Kobe Bryant,placed on IL with sore right shoulder
2016-03-22,Lakers,, Ryan Kelly,placed on IL with sprained left wrist
2016-03-22,Lakers, Kobe Bryant,,activated from IL
2016-03-27,Lakers,, Nick Young,placed on IL with illness
2016-03-27,Lakers, Ryan Kelly,,activated from IL
2016-03-30,Lakers,, Metta World Peace / Ron Artest,placed on IL
2016-03-30,Lakers, Nick Young,,activated from IL
2016-04-03,Lakers,, Nick Young,placed on IL
2016-04-03,Lakers, Metta World Peace / Ron Artest,,activated from IL
2016-04-05,Lakers,, Larry Nance Jr.,placed on IL
2016-04-05,Lakers, Nick Young,,activated from IL
2016-04-06,Lakers,, Nick Young,placed on IL (out for season)
2016-04-06,Lakers, Larry Nance Jr.,,activated from IL
2016-10-26,Lakers,, Ivica Zubac,placed on IL
2016-10-26,Lakers,, Jose Calderon,placed on IL with strained left calf
2016-10-30,Lakers,, Thomas Robinson,placed on IL
2016-10-30,Lakers, Jose Calderon,,activated from IL
2016-11-02,Lakers,, Metta World Peace / Ron Artest,placed on IL
2016-11-02,Lakers,, Timofey Mozgov,placed on IL with left eye contusion
2016-11-02,Lakers, Ivica Zubac,,activated from IL
2016-11-02,Lakers, Thomas Robinson,,activated from IL
2016-11-04,Lakers,, Marcelinho Huertas / Marcelo Huertas,placed on IL
2016-11-04,Lakers, Timofey Mozgov,,activated from IL
2016-11-06,Lakers,, Ivica Zubac,placed on IL
2016-11-06,Lakers, Marcelinho Huertas / Marcelo Huertas,,activated from IL
2016-11-08,Lakers,, Larry Nance Jr.,placed on IL with concussion
2016-11-08,Lakers, Metta World Peace / Ron Artest,,activated from IL
2016-11-10,Lakers,, Metta World Peace / Ron Artest,placed on IL
2016-11-10,Lakers, Larry Nance Jr.,,activated from IL
2016-11-13,Lakers,, Marcelinho Huertas / Marcelo Huertas,placed on IL
2016-11-13,Lakers, Ivica Zubac,,activated from IL
2016-11-15,Lakers,, Ivica Zubac,placed on IL
2016-11-15,Lakers, Marcelinho Huertas / Marcelo Huertas,,activated from IL
2016-11-18,Lakers,, D'Angelo Russell,placed on IL with sore left knee
2016-11-18,Lakers, Metta World Peace / Ron Artest,,activated from IL
2016-11-20,Lakers,, Metta World Peace / Ron Artest,placed on IL
2016-11-20,Lakers, D'Angelo Russell,,activated from IL
2016-11-22,Lakers,, D'Angelo Russell,placed on IL with sore left knee
2016-11-22,Lakers, Metta World Peace / Ron Artest,,activated from IL
2016-12-05,Lakers,, Jose Calderon,placed on IL with strained right hamstring
2016-12-05,Lakers, Ivica Zubac,,activated from IL
2016-12-11,Lakers,, Tarik Black,placed on IL with sprained right ankle
2016-12-11,Lakers, D'Angelo Russell,,activated from IL
2016-12-16,Lakers,, Ivica Zubac,placed on IL
2016-12-16,Lakers, Tarik Black,,activated from IL
2016-12-17,Lakers,, D'Angelo Russell,placed on IL for rest
2016-12-17,Lakers, Ivica Zubac,,activated from IL
2016-12-20,Lakers,, Tarik Black,placed on IL with sore right ankle
2016-12-20,Lakers, D'Angelo Russell,,activated from IL
2016-12-23,Lakers,, Larry Nance Jr.,placed on IL with bone bruise in left knee
2016-12-23,Lakers, Jose Calderon,,activated from IL
2016-12-23,Lakers, Tarik Black,,activated from IL
2016-12-25,Lakers,, Metta World Peace / Ron Artest,placed on IL
2016-12-29,Lakers, Metta World Peace / Ron Artest,,activated from IL
2016-12-29,Lakers,, Ivica Zubac,placed on IL
2017-01-01,Lakers,, Metta World Peace / Ron Artest,placed on IL
2017-01-01,Lakers, Ivica Zubac,,activated from IL
2017-01-05,Lakers,, Ivica Zubac,placed on IL
2017-01-05,Lakers, Metta World Peace / Ron Artest,,activated from IL
2017-01-08,Lakers,, Metta World Peace / Ron Artest,placed on IL
2017-01-08,Lakers, Ivica Zubac,,activated from IL
2017-01-10,Lakers,, Ivica Zubac,placed on IL
2017-01-10,Lakers, Metta World Peace / Ron Artest,,activated from IL
2017-01-12,Lakers,, Metta World Peace / Ron Artest,placed on IL
2017-01-12,Lakers, Ivica Zubac,,activated from IL
2017-01-14,Lakers,, Luol Deng,placed on IL with sprained right wrist
2017-01-14,Lakers, Metta World Peace / Ron Artest,,activated from IL
2017-01-22,Lakers,, D'Angelo Russell,placed on IL with strained left calf / sprained ligament in right knee
2017-01-22,Lakers,, Metta World Peace / Ron Artest,placed on IL
2017-01-22,Lakers, Larry Nance Jr.,,activated from IL
2017-01-22,Lakers, Luol Deng,,activated from IL
2017-01-31,Lakers,, Julius Randle,placed on IL with pneumonia
2017-01-31,Lakers, D'Angelo Russell,,activated from IL
2017-02-02,Lakers,, Thomas Robinson,placed on IL
2017-02-02,Lakers, Julius Randle,,activated from IL
2017-02-06,Lakers,, Marcelinho Huertas / Marcelo Huertas,placed on IL
2017-02-06,Lakers, Metta World Peace / Ron Artest,,activated from IL
2017-02-08,Lakers,, Metta World Peace / Ron Artest,placed on IL
2017-02-08,Lakers, Marcelinho Huertas / Marcelo Huertas,,activated from IL
2017-02-10,Lakers,, Marcelinho Huertas / Marcelo Huertas,placed on IL
2017-02-10,Lakers, Thomas Robinson,,activated from IL
2017-02-14,Lakers,, Thomas Robinson,placed on IL
2017-02-14,Lakers, Marcelinho Huertas / Marcelo Huertas,,activated from IL
2017-02-24,Lakers,, Tyler Ennis,placed on IL
2017-02-24,Lakers, Thomas Robinson,,activated from IL
2017-02-26,Lakers,, Jose Calderon,placed on IL
2017-02-26,Lakers, Tyler Ennis,,activated from IL
2017-02-28,Lakers,, Thomas Robinson,placed on IL with flu
2017-03-03,Lakers,, Luol Deng,placed on IL
2017-03-03,Lakers, Thomas Robinson,,activated from IL
2017-03-05,Lakers,, Ivica Zubac,placed on IL with quadriceps injury (DTD)
2017-03-05,Lakers, Luol Deng,,activated from IL
2017-03-07,Lakers,, Luol Deng,placed on IL
2017-03-07,Lakers, Ivica Zubac,,activated from IL
2017-03-12,Lakers,, Timofey Mozgov,placed on IL
2017-03-12,Lakers, Metta World Peace / Ron Artest,,activated from IL
2017-03-17,Lakers,, Tarik Black,placed on IL with sprained right ankle / illness (DTD)
2017-03-17,Lakers, Timofey Mozgov,,activated from IL
2017-03-19,Lakers,, Timofey Mozgov,placed on IL
2017-03-19,Lakers, Tarik Black,,activated from IL
2017-03-26,Lakers,, Brandon Ingram,placed on IL with patellar tendinitis in knee
2017-03-26,Lakers, Timofey Mozgov,,activated from IL
2017-04-01,Lakers,, Ivica Zubac,placed on IL with sprained right ankle (out for season)
2017-04-01,Lakers, Brandon Ingram,,activated from IL
2017-04-02,Lakers,, Tarik Black,placed on IL with knee injury
2017-04-02,Lakers, Luol Deng,,activated from IL
2017-04-05,Lakers,, D'Angelo Russell,placed on IL with sore left knee
2017-04-05,Lakers, Tarik Black,,activated from IL
2017-04-07,Lakers,, Luol Deng,placed on IL
2017-04-07,Lakers, D'Angelo Russell,,activated from IL
2017-04-11,Lakers, Luol Deng,,activated from IL
2017-10-19,Lakers,, Ivica Zubac,placed on IL
2017-10-19,Lakers,, Josh Hart,placed on IL with bursitis in left heel
2017-10-19,Lakers,, Thomas Bryant,placed on IL
2017-10-19,Lakers,, Vander Blue,placed on IL
2017-10-20,Lakers,, Luol Deng,placed on IL with surgery on right pectoral muscle (out indefinitely)
2017-10-20,Lakers, Josh Hart,,activated from IL
2017-10-22,Lakers,, Alex Caruso,placed on IL
2017-10-22,Lakers, Ivica Zubac,,activated from IL
2017-11-03,Lakers,, Andrew Bogut,placed on IL with tightness in back
2017-11-03,Lakers,, Larry Nance Jr.,placed on IL recovering from surgery on left hand/thumb to repair fracture
2017-11-03,Lakers, Luol Deng,,activated from IL
2017-11-05,Lakers,, Luol Deng,placed on IL
2017-11-05,Lakers, Thomas Bryant,,activated from IL
2017-11-05,Lakers, Vander Blue,,activated from IL
2017-11-08,Lakers,, Thomas Bryant,placed on IL
2017-11-08,Lakers, Andrew Bogut,,activated from IL
2017-11-15,Lakers,, Ivica Zubac,placed on IL
2017-11-15,Lakers,, Josh Hart,placed on IL
2017-11-15,Lakers, Thomas Bryant,,activated from IL
2017-11-19,Lakers,, Vander Blue,placed on IL
2017-11-19,Lakers, Ivica Zubac,,activated from IL
2017-11-19,Lakers, Josh Hart,,activated from IL
2017-11-22,Lakers,, Thomas Bryant,placed on IL
2017-11-27,Lakers, Larry Nance Jr.,,activated from IL
2017-11-29,Lakers,, Kyle Kuzma,placed on IL with back spasms
2017-11-29,Lakers, Thomas Bryant,,activated from IL
2017-12-02,Lakers,, Ivica Zubac,placed on IL
2017-12-02,Lakers, Kyle Kuzma,,activated from IL
2017-12-03,Lakers,, Thomas Bryant,placed on IL
2017-12-03,Lakers, Ivica Zubac,,activated from IL
2017-12-07,Lakers,, Thomas Bryant,placed on IL
2017-12-07,Lakers, Ivica Zubac,,activated from IL
2017-12-18,Lakers,, Ivica Zubac,placed on IL
2017-12-18,Lakers, Thomas Bryant,,activated from IL
2017-12-20,Lakers,, Brook Lopez,placed on IL with sprained right ankle
2017-12-20,Lakers, Alex Caruso,,activated from IL
2017-12-23,Lakers,, Brandon Ingram,placed on IL with tendinitis in left quadriceps
2017-12-25,Lakers,, Lonzo Ball,placed on IL with sprained left shoulder
2017-12-25,Lakers, Ivica Zubac,,activated from IL
2017-12-27,Lakers, Brandon Ingram,,activated from IL
2018-01-01,Lakers,, Thomas Bryant,placed on IL
2018-01-01,Lakers, Vander Blue,,activated from IL
2018-01-03,Lakers,, Vander Blue,placed on IL
2018-01-03,Lakers, Brook Lopez,,activated from IL
2018-01-05,Lakers,, Alex Caruso,placed on IL
2018-01-05,Lakers, Lonzo Ball,,activated from IL
2018-01-07,Lakers, Thomas Bryant,,activated from IL
2018-01-10,Lakers,, Thomas Bryant,placed on IL
2018-01-10,Lakers, Vander Blue,,activated from IL
2018-01-13,Lakers,, Thomas Bryant,placed on IL
2018-01-17,Lakers,, Lonzo Ball,placed on IL with sore/sprained left knee
2018-01-17,Lakers, Alex Caruso,,activated from IL
2018-01-19,Lakers,, Kentavious Caldwell-Pope,placed on IL with strained right Achilles
2018-01-21,Lakers,, Gary Payton II,placed on IL
2018-01-21,Lakers, Thomas Bryant,,activated from IL
2018-01-23,Lakers,, Nigel Hayes,placed on IL
2018-01-23,Lakers, Kentavious Caldwell-Pope,,activated from IL
2018-01-28,Lakers,, Ivica Zubac,placed on IL
2018-01-28,Lakers,, Thomas Bryant,placed on IL
2018-01-28,Lakers, Nigel Hayes,,activated from IL
2018-02-06,Lakers, Ivica Zubac,,activated from IL
2018-02-08,Lakers, Gary Payton II,,activated from IL
2018-02-08,Lakers, Thomas Bryant,,activated from IL
2018-02-15,Lakers,, Alex Caruso,placed on IL
2018-02-23,Lakers,, Gary Payton II,placed on IL
2018-02-23,Lakers, Lonzo Ball,,activated from IL
2018-02-24,Lakers,, Lonzo Ball,placed on IL with sore left knee
2018-02-24,Lakers,, Thomas Bryant,placed on IL
2018-02-24,Lakers, Alex Caruso,,activated from IL
2018-02-26,Lakers,, Alex Caruso,placed on IL
2018-02-26,Lakers, Lonzo Ball,,activated from IL
2018-03-01,Lakers,, Channing Frye,placed on IL with recovering from appendectomy
2018-03-01,Lakers,, Josh Hart,placed on IL with fractured left hand
2018-03-01,Lakers, Gary Payton II,,activated from IL
2018-03-01,Lakers, Thomas Bryant,,activated from IL
2018-03-03,Lakers,, Brandon Ingram,placed on IL with strained left hip flexor
2018-03-03,Lakers, Luol Deng,,activated from IL
2018-03-07,Lakers, Alex Caruso,,activated from IL
2018-03-22,Lakers, Channing Frye,,activated from IL
2018-03-26,Lakers,, Luol Deng,placed on IL with sprained left ankle (out for season)
2018-03-26,Lakers, Channing Frye,,activated from IL
2018-03-28,Lakers, Brandon Ingram,,activated from IL
2018-03-30,Lakers,, Thomas Bryant,placed on IL
2018-03-30,Lakers,, Travis Wear,placed on IL
2018-03-30,Lakers, Josh Hart,,activated from IL
2018-04-01,Lakers,, Brandon Ingram,placed on IL with concussion (out for season)
2018-04-01,Lakers, Travis Wear,,activated from IL
2018-04-04,Lakers,, Lonzo Ball,placed on IL with bruised left knee (out for season)
2018-04-06,Lakers, Gary Payton II,,activated from IL
2018-04-06,Lakers, Thomas Bryant,,activated from IL
2018-04-08,Lakers,, Kyle Kuzma,placed on IL with sprained left ankle (out for season)
2018-11-17,Lakers,, Rajon Rondo,placed on IL with fractured right hand
2018-12-07,Lakers,, Brandon Ingram,placed on IL with sprained left ankle
2018-12-21,Lakers, Brandon Ingram,,activated from IL
2018-12-21,Lakers, Rajon Rondo,,activated from IL
2018-12-27,Lakers,, LeBron James,placed on IL with strained left groin
2018-12-27,Lakers,, Rajon Rondo,placed on IL with right finger injury
2019-01-20,Lakers,, Lonzo Ball,placed on IL with sprained left ankle (out for season)
2019-01-24,Lakers, Rajon Rondo,,activated from IL
2019-01-31,Lakers, LeBron James,,activated from IL
2019-02-02,Lakers,, LeBron James,placed on IL with strained left groin
2019-02-21,Lakers,, Mike Muscala,placed on IL with sprained right ankle
2019-02-23,Lakers, Mike Muscala,,activated from IL
2019-03-01,Lakers,, Lance Stephenson,placed on IL with sprained toe
2019-03-04,Lakers,, Tyson Chandler,placed on IL with stiff neck
2019-03-06,Lakers,, Kyle Kuzma,placed on IL with sprained right ankle
2019-03-06,Lakers, Lance Stephenson,,activated from IL
2019-03-09,Lakers,, Brandon Ingram,placed on IL with blood clot in right arm (out for season)
2019-03-12,Lakers,, Lance Stephenson,placed on IL with sprained toe
2019-03-12,Lakers, Kyle Kuzma,,activated from IL
2019-03-15,Lakers,, LeBron James,placed on IL
2019-03-15,Lakers, Lance Stephenson,,activated from IL
2019-03-17,Lakers,, Lance Stephenson,placed on IL with sprained toe
2019-03-17,Lakers, LeBron James,,activated from IL
2019-03-19,Lakers,, LeBron James,placed on IL with left groin injury
2019-03-19,Lakers, Tyson Chandler,,activated from IL
2019-03-22,Lakers,, Josh Hart,placed on IL with right knee tendinitis (out for season)
2019-03-22,Lakers,, Mike Muscala,placed on IL with sore right ankle
2019-03-22,Lakers, Lance Stephenson,,activated from IL
2019-03-22,Lakers, LeBron James,,activated from IL
2019-03-24,Lakers,, Reggie Bullock,placed on IL with right foot injury
2019-03-24,Lakers, Mike Muscala,,activated from IL
2019-03-27,Lakers,, LeBron James,placed on IL
2019-03-27,Lakers,, Tyson Chandler,placed on IL with illness
2019-03-27,Lakers, Reggie Bullock,,activated from IL
2019-03-29,Lakers, LeBron James,,activated from IL
2019-03-31,Lakers,, LeBron James,placed on IL with left groin injury (out for season)
2019-04-04,Lakers,, Kyle Kuzma,placed on IL with left foot injury (out for season)
2019-04-04,Lakers, Tyson Chandler,,activated from IL
2019-04-09,Lakers,, Lance Stephenson,placed on IL with sore left foot (out for season)
2019-10-22,Lakers,, DeMarcus Cousins,placed on IL recovering from surery on left knee to repair torn ACL
2019-10-22,Lakers,, Kyle Kuzma,placed on IL with stress reaction in left ankle/foot
2019-10-22,Lakers,, Rajon Rondo,placed on IL with right calf injury
2019-11-01,Lakers, Kyle Kuzma,,activated from IL
2019-11-12,Lakers, Rajon Rondo,,activated from IL
2019-11-13,Lakers,, Anthony Davis,placed on IL with sore right shoulder
2019-11-15,Lakers,, Avery Bradley,placed on IL with right leg injury
2019-11-15,Lakers, Anthony Davis,,activated from IL
2019-12-08,Lakers,, Rajon Rondo,placed on IL with strained left hamstring
2019-12-11,Lakers,, Kyle Kuzma,placed on IL with sprained left ankle
2019-12-11,Lakers, Avery Bradley,,activated from IL
2019-12-13,Lakers, Rajon Rondo,,activated from IL
2019-12-17,Lakers,, Anthony Davis,placed on IL with sprained right ankle
2019-12-19,Lakers, Anthony Davis,,activated from IL
2019-12-22,Lakers,, LeBron James,placed on IL with strained thoracic muscle
2019-12-22,Lakers, Kyle Kuzma,,activated from IL
2019-12-25,Lakers, LeBron James,,activated from IL
2020-01-03,Lakers,, Alex Caruso,placed on IL with right calf injury
2020-01-05,Lakers, Alex Caruso,,activated from IL
2020-01-10,Lakers,, Anthony Davis,placed on IL with bruised tailbone
2020-01-11,Lakers,, Danny Green,placed on IL with right hip injury
2020-01-11,Lakers,, LeBron James,placed on IL with illness
2020-01-13,Lakers,, Rajon Rondo,placed on IL with fractured finger
2020-01-13,Lakers, Danny Green,,activated from IL
2020-01-13,Lakers, LeBron James,,activated from IL
2020-01-20,Lakers, Anthony Davis,,activated from IL
2020-01-20,Lakers, Rajon Rondo,,activated from IL
2020-01-23,Lakers,, JaVale McGee,placed on IL with flu
2020-01-31,Lakers, JaVale McGee,,activated from IL
2020-02-23,Lakers, DeMarcus Cousins,,activated from IL
2020-02-27,Lakers,, LeBron James,placed on IL with left groin injury
2020-02-29,Lakers,, Danny Green,placed on IL with right hip injury
2020-02-29,Lakers, LeBron James,,activated from IL
2020-03-01,Lakers, Danny Green,,activated from IL
2020-03-03,Lakers,, Alex Caruso,placed on IL with right hamstring injury
2020-03-06,Lakers, Alex Caruso,,activated from IL
2020-03-10,Lakers,, Dwight Howard,placed on IL with upset stomach
2020-07-30,Lakers,, Rajon Rondo,placed on IL with fractured right thumb
2020-07-30,Lakers, Dion Waiters,,activated from IL
2020-07-30,Lakers, Dwight Howard,,activated from IL
2020-08-05,Lakers,, Dwight Howard,placed on IL with sore right knee
2020-08-06,Lakers,, Alex Caruso,placed on IL with neck spasms
2020-08-06,Lakers,, LeBron James,placed on IL with right groin injury
2020-08-06,Lakers, Dwight Howard,,activated from IL
2020-08-08,Lakers,, Danny Green,placed on IL with right hip injury
2020-08-08,Lakers, Alex Caruso,,activated from IL
2020-08-08,Lakers, LeBron James,,activated from IL
2020-08-09,Lakers,, Kentavious Caldwell-Pope,placed on IL with bruised right foot
2020-08-10,Lakers, Danny Green,,activated from IL
2020-08-12,Lakers,, Alex Caruso,placed on IL with neck spasms
2020-08-13,Lakers,, Anthony Davis,placed on IL with sore right knee
2020-08-18,Lakers, Alex Caruso,,activated from IL
2020-08-18,Lakers, Anthony Davis,,activated from IL
2020-08-18,Lakers, Kentavious Caldwell-Pope,,activated from IL
2020-08-22,Lakers, Rajon Rondo,,activated from IL
2020-08-24,Lakers,, Rajon Rondo,placed on IL with back spasms
2020-09-04,Lakers, Rajon Rondo,,activated from IL
2020-09-08,Lakers,, Dion Waiters,placed on IL with left groin injury
2020-09-30,Lakers, Dion Waiters,,activated from IL
2020-12-22,Lakers,, Kostas Antetokounmpo,placed on IL
2020-12-27,Lakers,, Anthony Davis,placed on IL with right calf injury
2020-12-27,Lakers, Kostas Antetokounmpo,,activated from IL
2020-12-28,Lakers,, Kostas Antetokounmpo,placed on IL with right knee tendinitis
2020-12-28,Lakers, Anthony Davis,,activated from IL
2021-01-03,Lakers,, Kentavious Caldwell-Pope,placed on IL with sprained left ankle
2021-01-08,Lakers,, Anthony Davis,placed on IL with strained right adductor
2021-01-10,Lakers,, Jared Dudley,placed on IL with right calf injury
2021-01-10,Lakers, Anthony Davis,,activated from IL
2021-01-10,Lakers, Kentavious Caldwell-Pope,,activated from IL
2021-01-12,Lakers,, Wesley Matthews / Wes Matthews Jr.,placed on IL with right Achilles injury (DTD)
2021-01-15,Lakers, Wesley Matthews / Wes Matthews Jr.,,activated from IL
2021-01-28,Lakers,, Anthony Davis,placed on IL with bruised right quadriceps
2021-01-30,Lakers, Anthony Davis,,activated from IL
2021-02-08,Lakers,, Alex Caruso,placed on IL with right hand injury
2021-02-08,Lakers,, Anthony Davis,placed on IL with right Achilles injury
2021-02-12,Lakers, Alex Caruso,,activated from IL
2021-02-12,Lakers, Anthony Davis,,activated from IL
2021-02-12,Lakers, Jared Dudley,,activated from IL
2021-02-15,Lakers,, Anthony Davis,placed on IL with strained right calf / Achilles
2021-02-18,Lakers,, Dennis Schrder,placed on IL with health and safety protocols / COVID-19
2021-02-20,Lakers, Kostas Antetokounmpo,,activated from IL
2021-02-26,Lakers, Dennis Schrder,,activated from IL
2021-03-02,Lakers,, Marc Gasol,placed on IL with NBA health and safety protocols
2021-03-03,Lakers,, Alex Caruso,placed on IL with neck spasms
2021-03-03,Lakers,, LeBron James,placed on IL with sore left ankle
2021-03-11,Lakers,, Kostas Antetokounmpo,placed on IL with NBA health and safety protocols
2021-03-11,Lakers, Alex Caruso,,activated from IL
2021-03-12,Lakers,, Jared Dudley,placed on IL with right knee injury
2021-03-12,Lakers, LeBron James,,activated from IL
2021-03-19,Lakers, Kostas Antetokounmpo,,activated from IL
2021-03-19,Lakers, Marc Gasol,,activated from IL
2021-03-20,Lakers,, Marc Gasol,placed on IL with conditioning
2021-03-21,Lakers,, LeBron James,placed on IL with right high ankle sprain
2021-03-21,Lakers, Marc Gasol,,activated from IL
2021-04-01,Lakers,, Andre Drummond,placed on IL with right big toe injury
2021-04-08,Lakers,, Kyle Kuzma,placed on IL with strained left calf
2021-04-08,Lakers, Andre Drummond,,activated from IL
2021-04-10,Lakers,, Marc Gasol,placed on IL with left hamstring injury
2021-04-12,Lakers,, Alfonzo McKinnie,placed on IL with NBA health and safety protocols
2021-04-12,Lakers, Kyle Kuzma,,activated from IL
2021-04-12,Lakers, Marc Gasol,,activated from IL
2021-04-13,Lakers, Alfonzo McKinnie,,activated from IL
2021-04-15,Lakers,, Andre Drummond,placed on IL with toe injury
2021-04-15,Lakers,, Markieff Morris,placed on IL with sprained left ankle
2021-04-17,Lakers, Andre Drummond,,activated from IL
2021-04-17,Lakers, Markieff Morris,,activated from IL
2021-04-22,Lakers, Anthony Davis,,activated from IL
2021-04-30,Lakers,, Alex Caruso,placed on IL with back spasms
2021-04-30,Lakers, LeBron James,,activated from IL
2021-05-02,Lakers,, Dennis Schrder,placed on IL with NBA health and safety protocols
2021-05-02,Lakers, Alex Caruso,,activated from IL
2021-05-03,Lakers,, LeBron James,placed on IL with sore right ankle
2021-05-06,Lakers,, Talen Horton-Tucker,placed on IL with strained right calf
2021-05-09,Lakers, Talen Horton-Tucker,,activated from IL
2021-05-12,Lakers,, Alex Caruso,placed on IL with sore right foot
2021-05-12,Lakers,, Anthony Davis,placed on IL with left adductor injury
2021-05-15,Lakers, Alex Caruso,,activated from IL
2021-05-15,Lakers, Anthony Davis,,activated from IL
2021-05-15,Lakers, Dennis Schrder,,activated from IL
2021-05-15,Lakers, LeBron James,,activated from IL
2021-05-16,Lakers, Jared Dudley,,activated from IL
2021-05-30,Lakers,, Kentavious Caldwell-Pope,placed on IL with bruised left knee
2021-06-01,Lakers, Kentavious Caldwell-Pope,,activated from IL
2021-10-18,Lakers,, Talen Horton-Tucker,placed on IL with surgery on right thumb
2021-10-18,Lakers,, Trevor Ariza,placed on IL recovering from surgery on right ankle
2021-10-19,Lakers,, Kendrick Nunn,placed on IL with sprained right ankle
2021-10-21,Lakers,, Kendrick Nunn,placed on IL with right knee injury (out for season)
2021-10-22,Lakers,, Sekou Doumbouya,placed on IL
2021-11-04,Lakers,, LeBron James,placed on IL with strained abdominal
2021-11-04,Lakers, Sekou Doumbouya,,activated from IL
2021-11-14,Lakers, Talen Horton-Tucker,,activated from IL
2021-11-15,Lakers,, Sekou Doumbouya,placed on IL with sore right foot
2021-11-16,Lakers, Sekou Doumbouya,,activated from IL
2021-11-19,Lakers, LeBron James,,activated from IL
2021-11-30,Lakers,, LeBron James,placed on IL with NBA health and safety protocols
2021-12-02,Lakers, LeBron James,,activated from IL
2021-12-09,Lakers,, Rajon Rondo,placed on IL with gastroenteritis
2021-12-10,Lakers, Rajon Rondo,,activated from IL
2021-12-14,Lakers,, Dwight Howard,placed on IL with NBA health and safety protocols
2021-12-14,Lakers,, Malik Monk,placed on IL with NBA health and safety protocols
2021-12-14,Lakers,, Talen Horton-Tucker,placed on IL with NBA health and safety protocols
2021-12-16,Lakers,, Avery Bradley,placed on IL with NBA health and safety protocols
2021-12-17,Lakers,, Austin Reaves,placed on IL with NBA health and safety protocols
2021-12-17,Lakers,, Kendrick Nunn,placed on IL with NBA health and safety protocols (out for season)
2021-12-19,Lakers,, Kent Bazemore,placed on IL with NBA health and safety protocols
2021-12-19,Lakers, Trevor Ariza,,activated from IL
2021-12-21,Lakers,, Anthony Davis,placed on IL with sprained MCL in left knee
2021-12-21,Lakers, Dwight Howard,,activated from IL
2021-12-21,Lakers, Talen Horton-Tucker,,activated from IL
2021-12-23,Lakers,, Trevor Ariza,placed on IL with NBA health and safety protocols
2021-12-25,Lakers, Avery Bradley,,activated from IL
2021-12-25,Lakers, Malik Monk,,activated from IL
2021-12-26,Lakers,, Rajon Rondo,placed on IL with NBA health and safety protocols
2021-12-28,Lakers,, Wayne Ellington,placed on IL with illness
2021-12-29,Lakers, Wayne Ellington,,activated from IL
2021-12-30,Lakers, Austin Reaves,,activated from IL
2021-12-30,Lakers, Kent Bazemore,,activated from IL
2021-12-31,Lakers, Trevor Ariza,,activated from IL
2022-01-12,Lakers,, Carmelo Anthony,placed on IL with tightness in lower back
2022-01-18,Lakers,, Sekou Doumbouya,placed on IL with NBA health and safety protocols
2022-01-19,Lakers, Carmelo Anthony,,activated from IL
2022-01-25,Lakers, Anthony Davis,,activated from IL
2022-01-27,Lakers,, LeBron James,placed on IL with sore left knee
2022-01-27,Lakers, Sekou Doumbouya,,activated from IL
2022-01-28,Lakers,, Anthony Davis,placed on IL with sore right wrist
2022-01-30,Lakers, Anthony Davis,,activated from IL
2022-02-04,Lakers,, Carmelo Anthony,placed on IL with strained right hamstring
2022-02-05,Lakers, LeBron James,,activated from IL
2022-02-08,Lakers,, Dwight Howard,placed on IL with back injury
2022-02-09,Lakers, Dwight Howard,,activated from IL
2022-02-15,Lakers,, Avery Bradley,placed on IL with right knee injury
2022-02-17,Lakers,, Anthony Davis,placed on IL with sprained right foot
2022-02-25,Lakers, Carmelo Anthony,,activated from IL
2022-03-03,Lakers, Avery Bradley,,activated from IL
2022-03-18,Lakers,, Carmelo Anthony,placed on IL with illness
2022-03-18,Lakers,, Wayne Ellington,placed on IL with illness
2022-03-19,Lakers, Carmelo Anthony,,activated from IL
2022-03-21,Lakers,, Talen Horton-Tucker,placed on IL with sprained left ankle
2022-03-21,Lakers, Wayne Ellington,,activated from IL
2022-03-23,Lakers,, LeBron James,placed on IL with sore left knee
2022-03-27,Lakers, LeBron James,,activated from IL
2022-03-27,Lakers, Talen Horton-Tucker,,activated from IL
2022-03-29,Lakers,, LeBron James,placed on IL with sprained left ankle
2022-04-01,Lakers,, Carmelo Anthony,placed on IL with illness
2022-04-01,Lakers, Anthony Davis,,activated from IL
2022-04-01,Lakers, LeBron James,,activated from IL
2022-04-03,Lakers,, LeBron James,placed on IL with sprained left ankle (out for season)
2022-04-03,Lakers, Carmelo Anthony,,activated from IL
2022-04-07,Lakers,, Anthony Davis,placed on IL with right foot injury (out for season)
2022-04-07,Lakers,, Carmelo Anthony,placed on IL with illness (out for season)
2022-04-07,Lakers,, Russell Westbrook,placed on IL with sore right shoulder (out for season)
2022-10-16,Lakers,, Dennis Schrder,placed on IL with thumb injury
2022-10-18,Lakers,, Troy Brown Jr.,placed on IL with back injury
2022-10-20,Lakers,, Cole Swider,placed on IL with foot injury
2022-10-23,Lakers, Troy Brown Jr.,,activated from IL
2022-10-26,Lakers,, Russell Westbrook,placed on IL with hamstring injury
2022-10-28,Lakers, Russell Westbrook,,activated from IL
2022-11-07,Lakers,, Lonnie Walker IV,placed on IL with illness
2022-11-10,Lakers,, LeBron James,placed on IL with strained left adductor
2022-11-11,Lakers, Lonnie Walker IV,,activated from IL
2022-11-18,Lakers,, Juan Toscano-Anderson,placed on IL
2022-11-18,Lakers, Dennis Schrder,,activated from IL
2022-11-22,Lakers, Cole Swider,,activated from IL
2022-11-25,Lakers, Juan Toscano-Anderson,,activated from IL
2022-11-25,Lakers, LeBron James,,activated from IL
2022-12-07,Lakers,, Anthony Davis,placed on IL with illness
2022-12-07,Lakers,, LeBron James,placed on IL with sore left ankle
2022-12-09,Lakers,, Juan Toscano-Anderson,placed on IL
2022-12-09,Lakers, Anthony Davis,,activated from IL
2022-12-09,Lakers, LeBron James,,activated from IL
2022-12-11,Lakers,, Juan Toscano-Anderson,placed on IL with sprained right ankle
2022-12-18,Lakers,, Anthony Davis,placed on IL with sore right foot
2022-12-19,Lakers,, Austin Reaves,placed on IL with sprained right ankle
2022-12-19,Lakers,, LeBron James,placed on IL with sore left ankle
2022-12-21,Lakers, LeBron James,,activated from IL
2022-12-23,Lakers, Austin Reaves,,activated from IL
2022-12-28,Lakers, Juan Toscano-Anderson,,activated from IL
2023-01-06,Lakers,, Lonnie Walker IV,placed on IL with bruised tailbone
2023-01-06,Lakers,, strained left quadriceps (DTD),placed on IL with strained left quadriceps
2023-01-09,Lakers,, Austin Reaves,placed on IL with strained left hamstring
2023-01-09,Lakers,, LeBron James,placed on IL with sore left ankle
2023-01-09,Lakers,, Troy Brown Jr.,placed on IL with strained left quadriceps
2023-01-12,Lakers,, Patrick Beverley,placed on IL with illness
2023-01-12,Lakers, LeBron James,,activated from IL
2023-01-12,Lakers, Troy Brown Jr.,,activated from IL
2023-01-16,Lakers, Patrick Beverley,,activated from IL
2023-01-25,Lakers, Anthony Davis,,activated from IL
2023-01-25,Lakers,, Lonnie Walker IV,placed on IL with left knee tendinitis
2023-01-31,Lakers,, Patrick Beverley,placed on IL with sore left knee
2023-02-02,Lakers, Patrick Beverley,,activated from IL
2023-02-07,Lakers, Austin Reaves,,activated from IL
2023-02-09,Lakers,, LeBron James,placed on IL with sore left ankle
2023-02-15,Lakers, LeBron James,,activated from IL
2023-02-26,Lakers,, D'Angelo Russell,placed on IL with sprained right ankle
2023-02-27,Lakers,, LeBron James,placed on IL with right foot injury
2023-03-01,Lakers,, Anthony Davis,placed on IL with stress reaction in right foot
2023-03-03,Lakers, Anthony Davis,,activated from IL
2023-03-09,Lakers, D'Angelo Russell,,activated from IL
2023-03-15,Lakers,, Anthony Davis,placed on IL with stress reaction in right foot
2023-03-17,Lakers, Anthony Davis,,activated from IL
2023-03-26,Lakers, LeBron James,,activated from IL
2023-04-04,Lakers,, D'Angelo Russell,placed on IL with sore left foot
2023-04-05,Lakers, D'Angelo Russell,,activated from IL
