Year_of_Injury,Name
2005, LeBron James
2005, LeBron James
2006, LeBron James
2006, LeBron James
2007, LeBron James
2009, LeBron James
2009, LeBron James
2013, LeBron James
2013, LeBron James
2013, LeBron James
2014, LeBron James
2014,Alex Len
2014, LeBron James
2015, LeBron James
2015, LeBron James
2016, LeBron James
2017,Alex Len
2017,Markieff Morris
2017,Dorian Finney-Smith
2017,Dorian Finney-Smith
2017,Alex Len
2017,Alex Len
2017,Dorian Finney-Smith
2017,Dorian Finney-Smith
2017,Dorian Finney-Smith
2018,Luka Doncic
2018,Maxi Kleber
2018,Maxi Kleber
2018,Maxi Kleber
2018, LeBron James
2018,Markieff Morris
2018,Markieff Morris
2018, LeBron James
2018,Maxi Kleber
2018, LeBron James
2018,Luka Doncic
2018, LeBron James
2018,Maxi Kleber
2018, LeBron James
2018, LeBron James
2018,Luka Doncic
2018,Dorian Finney-Smith
2018,Luka Doncic
2018,Maxi Kleber
2018,Maxi Kleber
2019,Maxi Kleber
2019,Luka Doncic
2019, LeBron James
2019,Alex Len
2019,Markieff Morris
2019, LeBron James
2019,Alex Len
2019,Alex Len
2019,Luka Doncic
2019,Markieff Morris
2019,Gabe Vincent
2019,Luka Doncic
2019, LeBron James
2019,Luka Doncic
2019,Dorian Finney-Smith
2019,Dorian Finney-Smith
2020,Alex Len
2020, LeBron James
2020,Dorian Finney-Smith
2020,Gabe Vincent
2020,Gabe Vincent
2020,Dorian Finney-Smith
2020,Gabe Vincent
2020,Maxi Kleber
2020,Alex Len
2020, LeBron James
2020,Luka Doncic
2020, LeBron James
2020,Luka Doncic
2020,Luka Doncic
2020,Jaxson Hayes
2020,Luka Doncic
2020, LeBron James
2021,Maxi Kleber
2021, LeBron James
2021,Markieff Morris
2021,Luka Doncic
2021, LeBron James
2021,Luka Doncic
2021,Alex Len
2021,Maxi Kleber
2021,Dorian Finney-Smith
2021,Gabe Vincent
2021,Luka Doncic
2021, LeBron James
2021,Luka Doncic
2021, LeBron James
2021, LeBron James
2021,Gabe Vincent
2021, LeBron James
2021,Alex Len
2021,Maxi Kleber
2021,Luka Doncic
2022, LeBron James
2022,Maxi Kleber
2022, LeBron James
2022,Maxi Kleber
2022, LeBron James
2022,Luka Doncic
2022,Austin Reaves
2022, LeBron James
2022,Luka Doncic
2022, LeBron James
2022, LeBron James
2022,Maxi Kleber
2022,Luka Doncic
2022,Maxi Kleber
2023,Gabe Vincent
2023,Gabe Vincent
2023,Gabe Vincent
2023, LeBron James
2023, LeBron James
2023, LeBron James
2023, LeBron James
2023, LeBron James
2023, LeBron James
2023, LeBron James
2023, LeBron James
2023, LeBron James
2023, LeBron James
2023, LeBron James
2023,Luka Doncic
2023,Luka Doncic
2023,Luka Doncic
2023,Luka Doncic
2023,Luka Doncic
2023,Luka Doncic
2023,Luka Doncic
2023,Luka Doncic
2023,Luka Doncic
2023,Maxi Kleber
2023,Maxi Kleber
2023,Maxi Kleber
2023,Maxi Kleber
2023,Maxi Kleber
2023,Maxi Kleber
2023,Maxi Kleber
2023,Dorian Finney-Smith
2023,Dorian Finney-Smith
2023,Dorian Finney-Smith
2023,Dorian Finney-Smith
2023,Dorian Finney-Smith
2023,Dorian Finney-Smith
2023,Alex Len
2023,Jaxson Hayes
2023,Jaxson Hayes
2023,Jaxson Hayes
2024,Luka Doncic
2024,Dorian Finney-Smith
2024,Jaxson Hayes
2024,Luka Doncic
2024,Jaxson Hayes
2024,Luka Doncic
2024,Jaxson Hayes
2024,Austin Reaves
2024, LeBron James
2024,Maxi Kleber
2024, LeBron James
2024,Luka Doncic
2024,Dorian Finney-Smith
2024,Luka Doncic
2024,Luka Doncic
2024,Gabe Vincent
2024,Jaxson Hayes
2024,Maxi Kleber
2024,Dorian Finney-Smith
2024,Gabe Vincent
2024,Austin Reaves
2024,Dorian Finney-Smith
2024,Gabe Vincent